,City,Lat,Lng,Max Temp,Humidity,Cloudiness,Wind Speed,Country,Date
0,Hithadhoo,-0.6,73.0833,81.54,76,100,19.19,MV,1659152973
1,Qaanaaq,77.484,-69.3632,36.57,62,0,4.05,GL,1659152975
2,Hermanus,-34.4187,19.2345,44.8,77,99,9.4,ZA,1659152976
3,Saint Paul Harbor,57.79,-152.4072,54.91,94,100,8.05,US,1659152978
4,Hobart,-42.8794,147.3294,53.22,58,40,12.66,AU,1659152863
5,Yulara,-25.2406,130.9889,67.6,19,100,11.34,AU,1659152980
6,Ostrovnoy,68.0531,39.5131,47.44,91,100,20.67,RU,1659152982
7,Port Alfred,-33.5906,26.891,57.15,82,59,11.48,ZA,1659152983
8,Langsa,4.4683,97.9683,87.21,65,98,3.96,ID,1659152985
9,Mataura,-46.1927,168.8643,45.48,85,100,2.95,NZ,1659152986
10,Bluff,-46.6,168.3333,45.81,69,84,10.13,NZ,1659152988
11,Nome,64.5011,-165.4064,62.67,49,0,17.27,US,1659152989
12,Sain Alto,23.5833,-103.25,64.81,65,100,4.0,MX,1659152990
13,Nanortalik,60.1432,-45.2371,44.76,90,31,9.64,GL,1659152992
14,Port Keats,-14.25,129.55,85.53,31,11,7.56,AU,1659152995
15,Atuona,-9.8,-139.0333,77.18,70,5,18.32,PF,1659152997
16,Isangel,-19.55,169.2667,80.71,83,100,4.61,VU,1659152999
17,Gimli,50.6336,-96.9907,63.64,79,1,9.82,CA,1659152706
18,Severo-Kuril'sk,50.6789,156.125,54.07,91,100,12.28,RU,1659153001
19,Maxixe,-23.8597,35.3472,55.22,100,1,0.0,MZ,1659153003
20,Beringovskiy,63.05,179.3167,49.24,78,100,6.13,RU,1659153004
21,Brae,60.3964,-1.353,56.91,90,100,26.19,GB,1659153006
22,Sioux Lookout,50.1001,-91.917,62.67,82,40,4.61,CA,1659153007
23,Katobu,-4.9408,122.5276,85.35,60,85,8.03,ID,1659153009
24,Punta Arenas,-53.15,-70.9167,39.31,81,75,29.93,CL,1659153010
25,Vaini,-21.2,-175.2,78.96,89,40,11.5,TO,1659153012
26,Port Hedland,-20.3167,118.5667,82.45,17,3,8.05,AU,1659153013
27,Provideniya,64.3833,-173.3,52.3,68,100,1.34,RU,1659153014
28,Rikitea,-23.1203,-134.9692,72.7,76,7,16.64,PF,1659153016
29,Arraial do Cabo,-22.9661,-42.0278,66.31,83,100,20.71,BR,1659153017
30,Torbay,47.6666,-52.7314,59.27,92,100,6.91,CA,1659152763
31,Ponta do Sol,32.6667,-17.1,74.01,81,18,5.48,PT,1659153020
32,Ketchikan,55.3422,-131.6461,70.27,78,100,3.44,US,1659153021
33,Busselton,-33.65,115.3333,55.11,57,93,18.99,AU,1659153023
34,Vila Velha,-20.3297,-40.2925,73.35,80,40,8.05,BR,1659152734
35,Chokurdakh,70.6333,147.9167,64.87,42,70,10.29,RU,1659153025
36,Castro,-24.7911,-50.0119,41.79,80,0,4.61,BR,1659153027
37,Kavaratti,10.5669,72.642,80.58,84,100,14.58,IN,1659153028
38,Ayan,56.45,138.1667,58.06,97,100,19.73,RU,1659153030
39,Thompson,55.7435,-97.8558,60.96,77,40,5.75,CA,1659152762
40,Senneterre,48.3835,-77.2328,54.91,98,99,8.93,CA,1659153032
41,Hamada,34.8833,132.0833,84.92,82,100,6.91,JP,1659153034
42,Changping,40.2186,116.2197,85.64,56,28,4.76,CN,1659153035
43,Brigantine,39.4101,-74.3646,78.01,89,100,3.44,US,1659153037
44,Rio Grande,-32.035,-52.0986,42.91,89,0,3.91,BR,1659152779
45,Narsaq,60.9167,-46.05,46.87,77,28,1.34,GL,1659153039
46,Carnarvon,-24.8667,113.6333,65.21,58,100,17.36,AU,1659153041
47,Latung,5.5,120.8833,84.0,74,100,8.41,PH,1659153042
48,Yellowknife,62.456,-114.3525,63.12,55,40,9.22,CA,1659152926
49,Ushuaia,-54.8,-68.3,38.86,87,100,26.46,AR,1659152825
50,Cape Town,-33.9258,18.4232,49.91,89,40,6.91,ZA,1659153047
51,Bredasdorp,-34.5322,20.0403,46.8,78,100,7.11,ZA,1659153049
52,Walvis Bay,-22.9575,14.5053,48.09,87,28,2.3,NA,1659153050
53,New Norfolk,-42.7826,147.0587,52.88,44,5,3.31,AU,1659153052
54,Puerto Ayora,-0.7393,-90.3518,69.55,93,97,8.99,EC,1659153053
55,Riyadh,24.6877,46.7219,87.94,25,65,2.77,SA,1659153026
56,Airai,-8.9266,125.4092,74.1,41,88,3.8,TL,1659153056
57,Deniliquin,-35.5333,144.9667,56.35,39,3,9.46,AU,1659153058
58,Bethel,41.3712,-73.414,76.19,81,100,4.61,US,1659153061
59,Tongliao,43.6125,122.2653,84.51,60,27,10.56,CN,1659153060
60,Butaritari,3.0707,172.7902,81.97,72,27,14.52,KI,1659153064
61,Pevek,69.7008,170.3133,47.98,61,54,10.36,RU,1659153065
62,Port Hardy,50.6996,-127.4199,78.98,44,20,5.75,CA,1659152926
63,Dikson,73.5069,80.5464,40.66,93,97,18.68,RU,1659153068
64,Cairns,-16.9167,145.7667,80.06,50,71,17.27,AU,1659153069
65,Jamestown,42.097,-79.2353,65.84,67,0,5.75,US,1659153071
66,Pitsunda,43.1592,40.3378,69.98,78,54,2.1,GE,1659153072
67,Toora-Khem,52.4675,96.11,74.19,38,54,4.92,RU,1659153073
68,Khatanga,71.9667,102.5,71.19,62,99,9.95,RU,1659153075
69,Swellendam,-34.0226,20.4417,46.71,84,99,2.55,ZA,1659153076
70,Umm Kaddadah,13.6017,26.6876,78.84,67,100,5.91,SD,1659153078
71,Hasaki,35.7333,140.8333,90.28,78,47,13.27,JP,1659153079
72,Avarua,-21.2078,-159.775,77.05,78,40,10.36,CK,1659152932
73,Hailey,43.5196,-114.3153,68.99,61,58,9.22,US,1659153082
74,Forsytheganj,52.6333,29.7333,58.5,87,84,4.79,BY,1659153083
75,Albany,42.6001,-73.9662,69.62,80,21,4.25,US,1659152757
76,Ardakān,32.31,54.0175,83.23,53,34,3.4,IR,1659153087
77,Haines Junction,60.7522,-137.5108,71.55,43,100,2.3,CA,1659153089
78,Deputatsky,69.3,139.9,62.46,56,96,4.14,RU,1659153090
79,Santa Maria,-29.6842,-53.8069,43.9,100,0,0.0,BR,1659152937
80,Sisimiut,66.9395,-53.6735,47.79,88,100,8.93,GL,1659153093
81,Egvekinot,66.3167,-179.1667,51.13,53,74,4.97,RU,1659153095
82,Yumen,40.2833,97.2,86.16,17,84,12.91,CN,1659153097
83,George Town,5.4112,100.3354,85.95,78,40,3.44,MY,1659152757
84,Samarai,-10.6167,150.6667,80.46,78,24,8.95,PG,1659153100
85,Tuktoyaktuk,69.4541,-133.0374,39.2,75,100,9.22,CA,1659153102
86,Barrow,71.2906,-156.7887,35.62,93,100,5.75,US,1659153103
87,Mar del Plata,-38.0023,-57.5575,50.88,79,0,4.61,AR,1659153105
88,Okhotsk,59.3833,143.3,58.53,80,89,7.78,RU,1659153106
89,Kahului,20.8947,-156.47,87.82,51,0,9.22,US,1659153107
90,Kruisfontein,-34.0033,24.7314,52.79,79,100,9.31,ZA,1659153109
91,Kimaya,8.5647,124.8397,83.05,67,100,4.7,PH,1659153110
92,Tautira,-17.7333,-149.15,78.01,74,11,23.38,PF,1659153112
93,Karatuzskoye,53.6072,92.8667,75.25,56,8,4.07,RU,1659153113
94,Hambantota,6.1241,81.1185,82.74,83,20,2.3,LK,1659153116
95,Marrakesh,31.6315,-8.0083,75.27,64,0,2.3,MA,1659153080
96,Cherskiy,68.75,161.3,66.07,35,20,15.03,RU,1659153118
97,Palmer,42.1584,-72.3287,75.85,75,43,2.82,US,1659153120
98,Lucapa,-8.4192,20.7447,60.03,36,0,4.21,AO,1659153121
99,Mahébourg,-20.4081,57.7,70.25,73,75,11.5,MU,1659153123
100,Deqing,30.5448,119.9599,97.95,50,14,5.12,CN,1659153124
101,Jiuquan,39.7432,98.5174,86.41,16,100,9.22,CN,1659153127
102,Esperance,-33.8667,121.9,55.24,56,58,30.13,AU,1659153128
103,Yar-Sale,66.8333,70.8333,62.55,71,88,17.45,RU,1659153130
104,Klaksvík,62.2266,-6.589,52.72,98,100,25.7,FO,1659153131
105,Nikolskoye,59.7035,30.7861,62.87,80,83,7.52,RU,1659153133
106,Prome,18.8167,95.2167,92.77,54,49,6.4,MM,1659153134
107,Tiznit Province,29.5833,-9.5,79.75,33,0,1.88,MA,1659153135
108,Taltal,-25.4,-70.4833,56.8,85,26,2.95,CL,1659153137
109,Souillac,-20.5167,57.5167,70.18,73,75,11.5,MU,1659153138
110,Ibiá,-19.4783,-46.5389,67.46,51,6,0.83,BR,1659153140
111,Guerrero Negro,27.9769,-114.0611,68.81,81,61,11.77,MX,1659153141
112,Ariquemes,-9.9133,-63.0408,71.6,47,16,1.7,BR,1659153143
113,Acaraú,-2.8856,-40.12,78.17,86,14,10.87,BR,1659153144
114,Esim,4.8699,-2.2405,73.54,77,100,8.01,GH,1659153145
115,Srīvardhan,18.0333,73.0167,82.15,81,96,8.23,IN,1659153147
116,Batticaloa,7.7102,81.6924,82.85,71,100,3.94,LK,1659153148
117,Upernavik,72.7868,-56.1549,43.56,76,100,5.46,GL,1659153150
118,Mount Isa,-20.7333,139.5,74.97,31,61,10.36,AU,1659153151
119,Koróni,36.8,21.95,78.08,61,0,3.11,GR,1659153153
120,Vila Franca do Campo,37.7167,-25.4333,72.01,78,43,3.56,PT,1659153154
121,Kaitangata,-46.2817,169.8464,45.0,73,100,5.41,NZ,1659153155
122,Sept-Îles,50.2001,-66.3821,57.72,99,100,2.3,CA,1659153157
123,Praia da Vitória,38.7333,-27.0667,70.05,88,40,1.57,PT,1659153158
124,Severnyy,50.677,36.5532,60.84,77,0,2.24,RU,1659153160
125,Zambezi,-13.5432,23.1047,49.39,55,1,4.88,ZM,1659153161
126,Launceston,-41.45,147.1667,49.8,65,100,14.97,AU,1659153029
127,Gambēla,8.25,34.5833,68.9,91,99,2.59,ET,1659153164
128,Kamaishi,39.2667,141.8833,81.86,74,100,9.37,JP,1659153165
129,Adrar,20.5022,-10.0711,80.92,58,71,15.77,MR,1659153167
130,Polyarny,69.1989,33.4478,48.96,88,100,16.11,RU,1659153168
131,Faanui,-16.4833,-151.75,79.27,71,3,22.12,PF,1659153171
132,Tsimmerbude,54.675,20.1347,55.96,78,70,6.08,RU,1659153173
133,Sheltozero,61.3667,35.3667,56.41,94,90,10.31,RU,1659153175
134,Dolores,-36.3132,-57.6792,45.86,77,0,6.11,AR,1659153176
135,Gēdo,9.0167,37.45,49.41,95,91,0.27,ET,1659153179
136,Arman',59.7,150.1667,68.02,65,9,7.72,RU,1659153180
137,College,64.8569,-147.8028,74.07,38,75,3.44,US,1659153183
138,Saint-Philippe,-21.3585,55.7679,67.59,81,55,15.61,RE,1659153184
139,Kokkola,63.8385,23.1307,57.92,94,40,2.3,FI,1659153186
140,Toila,59.4236,27.5025,59.77,75,43,14.83,EE,1659153189
141,Longhua,23.6137,114.1919,101.03,36,23,1.23,CN,1659153190
142,Bengkulu,-3.8004,102.2655,83.1,64,91,3.67,ID,1659153191
143,Cabo San Lucas,22.8909,-109.9124,87.19,71,7,5.55,MX,1659153168
144,Tiksi,71.6872,128.8694,50.0,75,100,6.6,RU,1659153195
145,Kapaa,22.0752,-159.319,79.12,76,74,5.01,US,1659153197
146,Rodrigues Alves,-7.738,-72.6509,75.4,82,25,0.09,BR,1659153198
147,Maniitsoq,65.4167,-52.9,44.6,84,100,14.29,GL,1659153200
148,Fairbanks,64.8378,-147.7164,74.08,38,75,3.44,US,1659153201
149,Avera,33.194,-82.5271,81.91,60,83,7.65,US,1659153203
150,Manzanillo,20.3433,-77.1167,75.9,84,51,5.95,CU,1659153204
151,Port Blair,11.6667,92.75,86.04,79,40,5.75,IN,1659153205
152,Tuatapere,-46.1333,167.6833,43.07,83,92,1.25,NZ,1659153207
153,Gjirokastër,40.0758,20.1389,73.54,36,0,4.0,AL,1659153208
154,Benghazi,32.1167,20.0667,79.47,81,0,8.84,LY,1659153210
155,Atherton,53.5237,-2.4935,63.21,89,100,3.67,GB,1659153211
156,Tevaitoa,-16.7833,-151.5,79.27,70,1,21.97,PF,1659153213
157,Blăjeni,46.2333,22.9,65.53,80,47,3.96,RO,1659153214
158,Igurubi,-4.0,33.7,68.76,59,96,9.28,TZ,1659153215
159,Inírida,3.8653,-67.9239,72.16,99,100,2.55,CO,1659153217
160,Dwārka,22.2394,68.9678,81.93,76,100,15.05,IN,1659153218
161,Krasnorechenskiy,44.6265,135.3532,88.88,48,0,9.84,RU,1659153220
162,Antofagasta,-23.65,-70.4,56.48,87,57,2.95,CL,1659153221
163,Tasiilaq,65.6145,-37.6368,32.05,78,24,5.55,GL,1659153224
164,Zhigansk,66.7697,123.3711,78.01,49,80,7.85,RU,1659153225
165,Geraldton,-28.7667,114.6,63.01,55,75,14.97,AU,1659153227
166,Labuan,5.2767,115.2417,82.76,74,20,5.01,MY,1659153228
167,Lagoa,39.05,-27.9833,72.19,71,0,2.84,PT,1659153229
168,Ishigaki,24.3448,124.1572,84.33,94,75,3.44,JP,1659153231
169,Alpena,45.0617,-83.4327,66.52,68,100,5.75,US,1659153232
170,Kalbay,5.7233,125.4986,84.81,70,100,5.06,PH,1659153234
171,Arona,28.0996,-16.681,69.91,63,20,9.22,ES,1659153236
172,Ōmagari,39.45,140.4833,90.36,51,98,4.56,JP,1659153238
173,Pochutla,15.7432,-96.4661,79.83,88,86,4.36,MX,1659153239
174,Port Victoria,0.0939,33.9756,67.53,80,100,6.67,KE,1659153242
175,Norman Wells,65.282,-126.8329,60.84,67,20,2.3,CA,1659153243
176,Hofn,64.2539,-15.2082,46.15,69,100,24.87,IS,1659153245
177,Belaya Gora,68.5333,146.4167,63.07,44,99,9.71,RU,1659153246
178,Ahipara,-35.1667,173.1667,59.47,69,60,11.36,NZ,1659153248
179,Frutal,-20.0247,-48.9406,65.52,61,7,6.58,BR,1659153249
180,Fenoarivo,-18.933,47.4354,57.27,82,75,4.61,MG,1659153251
181,Verkhnevilyuysk,63.4453,120.3167,80.74,52,66,4.43,RU,1659153252
182,Vestmannaeyjar,63.4427,-20.2734,47.34,76,97,25.19,IS,1659153253
183,Bay Roberts,47.5999,-53.2648,59.32,95,97,1.01,CA,1659153255
184,Kilindoni,-7.9139,39.6668,75.38,77,98,9.13,TZ,1659153256
185,Nagornskiy,58.7731,57.5451,68.79,57,97,2.04,RU,1659153258
186,Līsakovsk,52.5369,62.4936,63.52,76,92,14.47,KZ,1659153259
187,Bentiu,9.2333,29.8333,71.87,94,97,4.36,SS,1659153261
188,Kangaatsiaq,68.3065,-53.4641,42.01,94,100,10.07,GL,1659153262
189,Talnakh,69.4865,88.3972,72.21,60,50,11.27,RU,1659153263
190,Raudeberg,61.9875,5.1352,54.27,79,38,6.38,NO,1659153266
191,Sémbé,1.6481,14.5806,66.92,96,77,2.53,CG,1659153268
192,Doha,25.2867,51.5333,91.29,75,0,11.5,QA,1659153155
193,Fort Nelson,58.8053,-122.7002,60.39,82,75,5.75,CA,1659153270
194,Srednekolymsk,67.45,153.6833,69.12,29,97,7.94,RU,1659153272
195,Gamba,-2.65,10.0,68.74,94,71,2.35,GA,1659153273
196,Alice Springs,-23.7,133.8833,71.15,32,97,8.05,AU,1659153275
197,Martin,27.0837,-80.4164,83.93,90,24,6.13,US,1659153276
198,Bogoslovka,53.2084,44.8013,65.48,87,38,7.34,RU,1659153278
199,Pimentel,-6.8367,-79.9342,62.2,86,0,13.04,PE,1659153279
200,Nortelândia,-14.4547,-56.8028,65.59,68,3,2.15,BR,1659153282
201,Saint-Pierre,-21.3393,55.4781,69.91,68,100,5.75,RE,1659153283
202,Puerto Gaitán,4.3133,-72.0816,73.76,90,54,2.24,CO,1659153284
203,Le Port,-20.9373,55.2919,70.25,68,7,7.7,RE,1659153286
204,Kumul,42.8,93.45,94.39,15,68,5.93,CN,1659153287
205,Havelock,34.8791,-76.9013,84.18,90,100,8.99,US,1659153289
206,Asău,46.4333,26.4,63.52,91,26,1.52,RO,1659153290
207,Xinzhou,38.4092,112.7333,81.27,46,70,0.89,CN,1659153292
208,Aksarka,66.5606,67.7975,55.89,67,83,17.27,RU,1659153293
209,Limbang,4.75,115.0,80.71,51,100,2.53,MY,1659153294
210,Port Macquarie,-31.4333,152.9167,62.89,57,66,8.68,AU,1659153296
211,Turochak,52.2576,87.1224,76.93,53,79,1.74,RU,1659153297
212,Kerema,-7.9631,145.7785,81.91,80,45,9.04,PG,1659153299
213,Tsaratanana,-16.7833,47.65,64.92,75,6,9.06,MG,1659153300
214,Jutaí,-5.1833,-68.9,72.48,95,58,2.37,BR,1659153302
215,Morros,-9.4467,-46.3003,71.56,43,57,2.59,BR,1659153303
216,Datong,40.0936,113.2914,81.88,37,40,7.02,CN,1659153304
217,Bunia,1.5667,30.25,62.49,98,100,4.09,CD,1659153307
218,Lorengau,-2.0226,147.2712,84.79,69,83,10.31,PG,1659153309
219,Rāmpura,30.25,75.2333,80.26,85,100,8.79,IN,1659153310
220,Aasiaat,68.7098,-52.8699,38.23,88,100,9.53,GL,1659153311
221,Shingū,33.7333,135.9833,86.14,65,100,4.43,JP,1659153313
222,Coquimbo,-29.9533,-71.3436,55.13,87,100,2.3,CL,1659153314
223,Zeya,53.75,127.2667,84.4,38,79,4.9,RU,1659153316
224,Novopokrovka,49.8425,36.5477,64.69,63,9,5.82,UA,1659153317
225,Estanzuela,15.0,-89.5667,72.64,94,36,3.09,GT,1659153321
226,Sitka,57.0531,-135.33,57.09,94,100,3.44,US,1659153274
227,San Cristobal,7.7669,-72.225,71.78,97,55,2.08,VE,1659153324
228,Lingao,19.9103,109.6859,89.04,64,100,5.19,CN,1659153325
229,Hong Kong,22.2855,114.1577,85.32,76,37,5.46,HK,1659153223
230,Ambon City,-3.6954,128.1814,80.74,83,40,3.44,ID,1659153328
231,Bucak,37.4592,30.595,66.72,38,0,5.3,TR,1659153329
232,Pisco,-13.7,-76.2167,62.65,77,100,9.22,PE,1659153331
233,Cidreira,-30.1811,-50.2056,51.12,84,14,8.21,BR,1659153332
234,Meulaboh,4.1363,96.1285,83.91,65,97,1.48,ID,1659153334
235,Ayr,55.4627,-4.6339,62.31,100,75,12.66,GB,1659153335
236,Saskylakh,71.9167,114.0833,74.26,44,2,6.82,RU,1659153336
237,Verkhoyansk,67.5447,133.385,78.53,55,31,5.77,RU,1659153339
238,Palmerston,-12.486,130.9833,87.93,36,0,5.75,AU,1659153341
239,Mount Gambier,-37.8333,140.7667,53.51,66,40,19.57,AU,1659153342
240,Inuvik,68.3499,-133.7218,43.66,87,100,10.36,CA,1659153343
241,Agirish,61.9247,63.0231,75.38,39,85,2.33,RU,1659153345
242,Zonguldak,41.25,31.8333,63.05,85,0,2.46,TR,1659153346
243,Vardø,70.3705,31.1107,49.98,76,100,4.61,NO,1659153348
244,Muroto-misakicho,33.2833,134.15,82.18,82,87,16.31,JP,1659153349
245,Idanre,7.1127,5.1159,68.2,99,99,2.95,NG,1659153351
246,Jiexiu,37.0244,111.9125,83.91,46,15,3.06,CN,1659153352
247,Khandyga,62.6667,135.6,88.79,37,76,2.57,RU,1659153353
248,Andenes,69.3143,16.1194,49.98,100,43,5.75,NO,1659153355
249,Caravelas,-17.7125,-39.2481,71.71,84,57,11.18,BR,1659153356
250,Murovane,49.5214,22.9367,65.71,88,40,1.88,UA,1659153359
251,Ola,59.5833,151.2833,68.14,68,21,9.66,RU,1659153360
252,Santa Rosa,14.3122,121.1114,80.11,91,99,8.12,PH,1659153362
253,Clyde River,70.4692,-68.5914,39.43,100,100,11.5,CA,1659153363
254,Mwense,-10.3845,28.698,56.01,62,70,3.33,ZM,1659153365
255,Aklavik,68.2191,-135.0107,38.93,96,100,3.85,CA,1659153366
256,Diu,20.7141,70.9822,83.52,72,62,11.25,IN,1659153369
257,Pringsewu,-5.3582,104.9744,87.31,61,73,2.17,ID,1659153370
258,San Gabriel,34.0961,-118.1058,80.19,66,0,1.99,US,1659153311
259,Jasper,37.2001,-94.3502,76.05,59,96,1.99,US,1659153373
260,Yatou,37.15,122.3833,83.3,75,97,9.86,CN,1659153375
261,Leeton,-34.5667,146.4,59.9,37,3,9.19,AU,1659153376
262,Cockburn Town,21.4612,-71.1419,81.7,76,82,20.89,TC,1659153379
263,Sola,-13.8833,167.55,78.85,80,91,13.82,VU,1659153380
264,Grand Gaube,-20.0064,57.6608,71.38,69,80,5.01,MU,1659153383
265,Ankazoabo,-22.2833,44.5167,61.14,77,11,4.09,MG,1659153384
266,Khani,41.9563,42.9566,63.97,70,4,2.01,GE,1659153386
267,Beisfjord,68.3751,17.5988,56.05,72,20,4.76,NO,1659153387
268,Hobyo,5.3505,48.5268,76.19,81,100,21.77,SO,1659153389
269,Namasuba,0.6894,32.4214,61.32,98,94,0.6,UG,1659153390
270,Ilulissat,69.2167,-51.1,42.39,70,100,5.95,GL,1659153393
271,Madingou,-4.1536,13.55,69.03,85,0,2.82,CG,1659153394
272,Shakawe,-18.3667,21.85,51.37,42,77,4.76,BW,1659153395
273,Ushtobe,45.2514,77.9838,78.6,45,100,17.69,KZ,1659153397
274,Izberbash,42.5696,47.8645,77.09,56,0,1.99,RU,1659153398
275,Yuncheng,35.0231,110.9928,87.42,47,0,16.04,CN,1659153400
276,Hilo,19.7297,-155.09,82.27,85,75,10.36,US,1659153170
277,Quatre Cocos,-20.2078,57.7625,71.1,69,63,16.82,MU,1659153402
278,Katangli,51.7102,143.2326,56.55,99,100,8.32,RU,1659153404
279,Turka,49.1541,23.0297,56.8,73,38,2.1,UA,1659153405
280,Novyy Nekouz,57.9029,38.07,55.49,80,10,7.9,RU,1659153407
281,Marzuq,14.4,46.4667,77.04,50,100,6.11,YE,1659153409
282,Ashtabula,41.7001,-80.7665,68.67,85,62,5.41,US,1659153249
283,Buchanan,5.8808,-10.0467,73.81,78,100,6.85,LR,1659153412
284,Muleba,-1.8397,31.6544,68.72,66,83,3.04,TZ,1659153413
285,Kouqian,43.6391,126.4578,81.52,77,92,13.18,CN,1659153415
286,La Fria,8.2203,-72.2439,80.71,92,99,3.56,VE,1659153416
287,Imeni Poliny Osipenko,52.4201,136.4853,68.97,93,100,9.17,RU,1659153418
288,Athabasca,54.7169,-113.2854,70.21,74,36,3.2,CA,1659153419
289,Hamilton,39.1834,-84.5333,68.02,81,0,0.0,US,1659153142
290,Muhafazat Lahij,13.1667,44.5833,83.7,60,100,9.31,YE,1659153422
291,Christchurch,-43.5333,172.6333,48.9,83,75,4.61,NZ,1659153201
292,Yangcun,39.3639,117.0603,82.0,58,25,3.6,CN,1659153426
293,Palmas,-10.2128,-48.3603,71.47,60,0,2.3,BR,1659153427
294,Bambous Virieux,-20.3428,57.7575,71.22,73,75,11.5,MU,1659153428
295,Pangnirtung,66.1451,-65.7125,53.53,79,100,6.31,CA,1659153430
296,Sturgis,41.7992,-85.4192,61.05,94,0,0.0,US,1659153431
297,Taoudenni,22.6783,-3.9836,95.18,32,74,12.53,ML,1659153433
298,Piste,20.7,-88.5833,74.82,88,100,4.43,MX,1659153434
299,Paamiut,61.994,-49.6678,45.48,83,73,6.85,GL,1659153436
300,Port Elizabeth,-33.918,25.5701,54.32,87,20,13.8,ZA,1659153437
301,Salihorsk,52.7876,27.5415,57.06,84,100,5.46,BY,1659153439
302,Den Helder,52.9599,4.7593,62.58,88,2,5.01,NL,1659153143
303,Shelburne,44.0787,-80.2041,61.25,84,45,9.78,CA,1659153441
304,North Bend,43.4065,-124.2243,65.25,95,100,12.66,US,1659153300
305,Tilichiki,60.4667,166.1,51.53,91,100,28.92,RU,1659153444
306,Touros,-5.1989,-35.4608,75.18,87,55,7.18,BR,1659153445
307,Margate,51.3813,1.3862,63.9,89,63,3.0,GB,1659153447
308,Puerto Nariño,-3.7703,-70.3831,72.34,96,52,1.86,CO,1659153448
309,Karratha,-20.7377,116.8463,79.99,29,18,9.55,AU,1659153450
310,Lüderitz,-26.6481,15.1594,53.17,75,12,7.74,NA,1659153451
311,Middle Island,40.8843,-72.9373,77.81,85,81,7.76,US,1659153453
312,Acapulco de Juárez,16.8634,-99.8901,79.7,83,79,2.82,MX,1659153454
313,Xichang,27.8964,102.2634,79.59,66,86,2.08,CN,1659153455
314,Ribeira Grande,38.5167,-28.7,72.9,74,4,1.43,PT,1659153457
315,Lavrentiya,65.5833,-171.0,47.95,75,100,8.43,RU,1659153458
316,Namatanai,-3.6667,152.4333,84.97,57,43,8.08,PG,1659153460
317,Casper,42.8666,-106.3131,72.72,30,18,5.01,US,1659153304
318,Itaquaquecetuba,-23.4861,-46.3483,53.98,100,98,3.44,BR,1659153462
319,Qui Nhon,13.7667,109.2333,92.1,56,66,2.68,VN,1659153385
320,Antalaha,-14.9003,50.2788,68.05,87,49,6.44,MG,1659153465
321,East London,-33.0153,27.9116,54.54,87,20,12.66,ZA,1659153466
322,Ust'-Kulom,61.6864,53.6902,71.02,55,33,2.28,RU,1659153468
323,Arrondissement de Mont-de-Marsan,44.0,-0.6667,65.68,85,0,1.14,FR,1659153469
324,Tibati,6.4667,12.6333,64.89,96,100,1.1,CM,1659153471
325,Agadez,19.75,10.25,83.91,13,3,8.97,NE,1659153472
326,Mumford,5.2618,-0.759,72.27,85,91,8.41,GH,1659153474
327,Port Lincoln,-34.7333,135.8667,53.35,64,100,18.34,AU,1659153476
328,Niksar,40.5917,36.9517,65.28,72,0,1.48,TR,1659153478
329,Chui,-33.6971,-53.4616,42.76,82,0,4.43,UY,1659153479
330,Jalpa,21.6333,-102.9667,66.4,87,100,3.04,MX,1659153481
331,Naze,28.3667,129.4833,81.52,84,100,21.03,JP,1659153483
332,Menongue,-14.6585,17.691,48.33,40,7,4.56,AO,1659153485
333,Kroya,-7.6331,109.2461,82.04,71,97,11.45,ID,1659153486
334,Lowestoft,52.4752,1.7516,59.25,90,88,7.94,GB,1659153488
335,Huarmey,-10.0681,-78.1522,62.28,85,14,7.4,PE,1659153489
336,Amapá,1.0,-52.0,71.17,99,99,2.15,BR,1659153491
337,Zhangjiakou,40.81,114.8794,82.04,53,47,10.47,CN,1659153492
338,Nara,34.6851,135.8049,94.32,40,100,2.98,JP,1659153493
339,Lebu,-37.6167,-73.65,47.8,88,100,17.11,CL,1659153496
340,Ust'-Kan,50.9276,84.761,68.34,69,100,1.97,RU,1659153498
341,Tanout,14.9709,8.8879,81.45,53,44,12.97,NE,1659153499
342,Tigre,-34.426,-58.5796,54.25,70,0,3.44,AR,1659153500
343,Biltine,14.5333,20.9167,73.49,83,100,9.22,TD,1659153502
344,Pacific Grove,36.6177,-121.9166,64.22,89,100,6.91,US,1659153207
345,Rockhampton,-23.3833,150.5,71.49,49,75,12.66,AU,1659153437
346,Saint Anthony,45.0205,-93.218,70.32,73,0,3.44,US,1659153506
347,Yamada,39.4667,141.95,81.86,73,96,9.04,JP,1659153507
348,Budišov nad Budišovkou,49.7951,17.6297,61.81,95,82,1.7,CZ,1659153509
349,Plouzané,48.3833,-4.6167,60.98,94,100,4.61,FR,1659153510
350,Richards Bay,-28.783,32.0377,65.48,80,44,3.06,ZA,1659153512
351,Batagay,67.6333,134.6333,77.94,56,36,4.52,RU,1659153513
352,Petropavlovka,50.6114,105.3196,71.19,51,33,4.97,RU,1659153514
353,Karwar,14.8,74.1333,82.04,82,100,8.03,IN,1659153516
354,Fortuna,40.5982,-124.1573,58.98,88,89,5.91,US,1659153518
355,Bairiki Village,1.3292,172.9752,86.0,70,20,12.66,KI,1659153519
356,Longyearbyen,78.2186,15.6401,45.64,97,100,8.66,SJ,1659153520
357,Langarūd,37.197,50.1535,75.25,69,9,1.95,IR,1659153522
358,Padang,-0.9492,100.3543,82.45,95,100,0.94,ID,1659153523
359,Innisfail,-17.5333,146.0333,70.07,74,98,10.02,AU,1659153525
360,Karoi,-16.8099,29.6925,47.16,68,19,3.83,ZW,1659153526
361,Parabel',58.6978,81.4825,67.89,64,47,9.04,RU,1659153528
362,Basqal,40.7552,48.391,71.24,57,0,2.93,AZ,1659153529
363,Ambanja,-13.6833,48.45,67.93,88,91,2.44,MG,1659153531
364,Dhārchula,29.85,80.5333,74.16,93,100,0.67,IN,1659153532
365,Muros,42.7762,-9.0603,67.08,72,3,11.86,ES,1659153533
366,Anito,12.4497,125.2886,87.44,69,100,1.25,PH,1659153535
367,Kargasok,59.0556,80.8572,68.25,59,60,9.4,RU,1659153536
368,Loandjili,-4.7561,11.8578,68.11,94,40,3.44,CG,1659153538
369,Kuragino,53.8975,92.6725,74.37,61,13,5.3,RU,1659153539
370,Vallenar,-28.5708,-70.7581,57.99,73,18,1.68,CL,1659153541
371,Chuncheng,22.1731,111.7886,95.76,51,90,1.86,CN,1659153542
372,Juneau,58.3019,-134.4197,61.21,100,100,2.98,US,1659153503
373,Monte Alegre,-2.0078,-54.0692,76.48,81,87,4.05,BR,1659153545
374,Nizwá,22.9333,57.5333,81.39,69,100,2.55,OM,1659153546
375,Bulgan,48.8125,103.5347,69.12,51,40,5.06,MN,1659153548
376,Sakakah,29.9697,40.2064,85.57,13,2,3.85,SA,1659153549
377,Kalianget,-7.05,113.9333,83.17,66,54,10.67,ID,1659153551
378,Ordzhonīkīdze,52.4411,61.7408,65.03,70,75,14.16,KZ,1659153552
379,Lac du Bonnet,50.2536,-96.0612,59.43,87,4,5.53,CA,1659153553
380,Āstāneh-ye Ashrafīyeh,37.2596,49.9444,75.13,65,0,2.21,IR,1659153555
381,Fernie,49.5,-115.0687,75.29,63,49,4.16,CA,1659153525
382,Anori,-3.7728,-61.6442,75.34,76,71,2.71,BR,1659153558
383,Goundam,16.4145,-3.6708,77.22,71,82,8.46,ML,1659153559
384,Itoman,26.1247,127.6694,89.98,66,75,3.44,JP,1659153560
385,Kozhva,65.1073,57.0459,73.11,67,75,7.38,RU,1659153562
386,Biak,-0.9131,122.8766,78.26,87,99,7.7,ID,1659153563
387,Birao,10.2849,22.7882,67.89,99,87,3.85,CF,1659153565
388,San Patricio,28.017,-97.5169,84.85,74,0,13.89,US,1659153566
389,Aljezur,37.3191,-8.8033,63.75,92,7,7.99,PT,1659153568
390,Khovd,48.0056,91.6419,77.49,25,23,2.1,MN,1659153569
391,Nyurba,63.2842,118.3319,79.41,52,71,5.01,RU,1659153570
392,Uthal,25.8072,66.6219,83.89,75,91,6.46,PK,1659153573
393,Saint George,37.1041,-113.5841,85.5,39,42,4.36,US,1659153574
394,Kirakira,-10.4544,161.9205,83.61,71,63,6.11,SB,1659153576
395,Paraíso,9.8383,-83.8656,66.42,96,78,2.86,CR,1659153578
396,Ambositra,-20.5167,47.25,52.7,92,81,4.76,MG,1659153580
397,Wuwei,37.9281,102.6414,89.55,17,30,15.37,CN,1659153581
398,Sillamäe,59.3997,27.7547,59.68,75,45,14.32,EE,1659153584
399,Mitsamiouli,-11.3847,43.2844,71.89,78,20,4.61,KM,1659153585
400,Onega,63.9061,38.1404,59.61,96,100,3.47,RU,1659153587
401,Coahuayana Viejo,18.7333,-103.6833,78.04,90,96,1.83,MX,1659153588
402,Evensk,61.95,159.2333,52.41,75,63,26.82,RU,1659153442
403,Lakes Entrance,-37.8811,147.981,56.16,43,39,5.66,AU,1659153591
404,Pangkalanbuun,-2.6833,111.6167,74.64,98,100,2.95,ID,1659153592
405,Rongcheng,30.634,117.8517,89.74,64,22,5.08,CN,1659153594
406,Luau,-10.7073,22.2247,55.81,37,8,4.59,AO,1659153595
407,Bubaque,11.2833,-15.8333,78.96,77,96,16.44,GW,1659153598
408,San Policarpo,12.1791,125.5072,86.85,67,100,8.88,PH,1659153599
409,Savé,8.0425,2.486,69.78,98,100,3.42,BJ,1659153601
410,Carutapera,-1.195,-46.02,76.66,88,40,5.37,BR,1659153533
411,Garoowe,8.4054,48.4845,73.58,70,5,23.94,SO,1659153605
412,Malakal,9.5334,31.6605,71.44,93,96,1.99,SS,1659153606
413,Leh,34.1667,77.5833,64.26,53,37,6.22,IN,1659153608
414,Joensuu,62.6012,29.7632,54.09,94,100,6.91,FI,1659153611
415,Kieta,-6.2167,155.6333,84.31,68,83,4.9,PG,1659153612
416,Saint-Joseph,-21.3667,55.6167,66.58,78,25,14.9,RE,1659153615
417,Kamenka,51.3223,42.7678,66.96,71,6,7.74,RU,1659153616
418,Madimba,-10.4,40.3333,67.86,94,71,7.54,TZ,1659153618
419,Mehamn,71.0357,27.8492,53.55,76,78,11.5,NO,1659153438
420,Qaqortoq,60.7167,-46.0333,45.03,87,14,1.01,GL,1659153620
421,Kavieng,-2.5744,150.7967,84.27,67,33,8.59,PG,1659153622
422,Kalengwa,-13.4659,25.0027,47.98,54,3,4.76,ZM,1659153623
423,Nālūt,30.3333,10.85,79.21,41,0,11.92,LY,1659153625
424,Bambuí,-20.0064,-45.9769,63.03,48,34,4.99,BR,1659153628
425,Luanda,-8.8368,13.2343,68.0,94,75,4.61,AO,1659153629
426,Salamiyah,35.0113,37.0532,76.93,46,0,6.2,SY,1659153631
427,Thinadhoo,0.5333,72.9333,80.65,81,100,20.11,MV,1659153632
428,Mossamedes,-15.1961,12.1522,59.9,89,37,4.38,AO,1659153634
429,Barranca,-10.75,-77.7667,60.71,86,59,6.76,PE,1659153635
430,Los Llanos de Aridane,28.6585,-17.9182,69.55,93,100,19.57,ES,1659153637
431,Logansport,40.7545,-86.3567,65.71,88,0,3.44,US,1659153353
432,Pirapozinho,-22.2753,-51.5,48.99,54,0,7.29,BR,1659153641
433,Alyangula,-13.8483,136.4192,77.29,56,26,9.01,AU,1659153642
434,Champerico,14.3,-91.9167,80.17,81,96,3.67,GT,1659153644
435,Tegul'det,57.3064,88.1667,73.71,56,74,5.61,RU,1659153645
436,Tazovsky,67.4667,78.7,60.17,81,40,13.89,RU,1659153647
437,Ürümqi,43.801,87.6005,85.15,27,0,8.95,CN,1659153572
438,Ixtapa,20.7,-105.2,77.23,93,99,2.68,MX,1659153649
439,Kawalu,-7.3817,108.2082,77.32,83,97,2.73,ID,1659153651
440,Beloha,-25.1667,45.05,62.56,77,4,8.93,MG,1659153652
441,Romny,50.751,33.4747,62.64,76,76,3.49,UA,1659153654
442,Meadow Lake,34.8014,-106.5436,70.7,63,98,7.65,US,1659153655
443,Lázaro Cárdenas,17.9583,-102.2,79.32,82,38,2.19,MX,1659153657
444,Bondo,3.8146,23.6866,67.08,97,79,0.47,CD,1659153658
445,Korla,41.7597,86.1469,84.58,25,100,4.03,CN,1659153660
446,Zaysan,47.4667,84.8667,76.57,46,100,7.81,KZ,1659153662
447,Shumskiy,54.8318,99.1328,63.09,87,100,11.12,RU,1659153663
448,Palembang,-2.9167,104.7458,80.69,78,40,8.05,ID,1659153665
449,Te Anau,-45.4167,167.7167,41.11,84,100,3.96,NZ,1659153666
450,Granada,37.25,-3.25,75.29,33,72,5.84,ES,1659153667
451,Loncoche,-39.3667,-72.6333,37.9,98,98,2.68,CL,1659153669
452,Jalu,29.0331,21.5482,79.27,37,0,8.34,LY,1659153670
453,Wundanyi,-3.4019,38.364,56.01,88,54,5.23,KE,1659153672
454,Porto-Novo,6.4965,2.6036,73.36,79,85,6.29,BJ,1659153673
455,Anshun,26.25,105.9333,76.28,73,83,5.88,CN,1659153675
456,Maridi,4.9158,29.4742,66.31,99,100,4.99,SS,1659153677
457,Chorley,53.65,-2.6167,61.92,89,100,1.99,GB,1659153679
458,Luganville,-15.5333,167.1667,79.14,80,99,8.34,VU,1659153680
459,Eyl,7.9803,49.8164,77.2,75,52,22.1,SO,1659153682
460,Nānākuli,21.3906,-158.1547,81.99,67,18,1.5,US,1659153683
461,Concarneau,47.875,-3.9225,59.83,91,15,5.91,FR,1659153685
462,Tungor,53.3808,142.9564,61.48,99,100,10.25,RU,1659153687
463,Dingle,10.9995,122.6711,81.01,84,100,10.27,PH,1659153689
464,Mokhsogollokh,61.4681,128.9203,85.35,41,90,5.57,RU,1659153690
465,Auki,-8.7676,160.7034,84.02,65,91,4.47,SB,1659153692
466,Enshi,30.3,109.4833,88.61,59,33,1.23,CN,1659153693
467,Qasigiannguit,68.8193,-51.1922,46.65,74,100,2.89,GL,1659153694
468,Kamloops,50.6665,-120.3192,83.57,51,4,1.34,CA,1659153661
469,Laas,46.6166,10.7002,55.69,95,37,7.78,IT,1659153697
470,Palana,59.1167,159.9667,51.84,78,95,17.0,RU,1659153698
471,Syamzha,60.0158,41.0614,58.21,81,3,5.23,RU,1659153700
472,Plettenberg Bay,-34.0527,23.3716,53.35,78,100,8.3,ZA,1659153701
473,Toccoa,34.5773,-83.3324,76.93,90,0,0.0,US,1659153703
474,Labuhan,-6.8844,112.2051,82.45,67,87,4.14,ID,1659153704
475,Butterworth,5.3991,100.3638,87.01,75,20,3.44,MY,1659153706
476,Huayang,34.4155,109.9939,77.05,54,7,3.0,CN,1659153707
477,Itaituba,-4.2761,-55.9836,79.74,67,100,1.03,BR,1659153709
478,Mariehamn,60.0973,19.9348,46.26,100,0,3.44,AX,1659153710
479,Jacareacanga,-6.2222,-57.7528,73.74,56,8,1.7,BR,1659153711
480,Constitución,-35.3333,-72.4167,49.32,74,35,5.5,CL,1659153713
481,Broken Hill,-31.95,141.4333,58.62,36,94,14.47,AU,1659153714
482,Alexandria,31.2156,29.9553,75.16,78,0,0.0,EG,1659153586
483,Manavgat,36.7867,31.4431,81.16,55,0,3.2,TR,1659153717
484,Hirara,24.8,125.2833,85.15,73,96,5.95,JP,1659153718
485,Vostok,46.4856,135.8833,79.86,64,85,12.68,RU,1659153720
486,Petropavlovsk-Kamchatskiy,53.0452,158.6483,55.99,100,100,11.18,RU,1659153721
487,Kompaniyivka,48.2511,32.208,66.16,55,47,7.54,UA,1659153723
488,Kafanchan,9.5833,8.3,66.24,96,97,1.34,NG,1659153724
489,Sirte,31.2089,16.5887,79.02,78,0,6.71,LY,1659153726
490,Bossier City,32.516,-93.7321,79.02,88,20,3.44,US,1659153727
491,Seoul,37.5683,126.9778,96.19,41,5,8.97,KR,1659153659
492,Makakilo City,21.3469,-158.0858,80.56,67,19,0.65,US,1659153730
493,São Filipe,14.8961,-24.4956,77.43,79,93,8.37,CV,1659153731
494,São João da Barra,-21.6403,-41.0511,68.94,84,94,12.86,BR,1659153733
495,Anadyr,64.75,177.4833,54.1,71,20,11.18,RU,1659153734
496,Tamboril,19.4854,-70.611,73.69,86,17,6.58,DO,1659153736
497,Hong Gai,20.956,107.0946,89.51,57,91,6.8,VN,1659153737
498,Gbarnga,6.9956,-9.4722,66.27,92,100,2.13,LR,1659153738
499,Lewistown,40.5992,-77.5714,72.34,100,20,0.0,US,1659153646
500,João Câmara,-5.5375,-35.8197,69.84,97,47,5.64,BR,1659153741
501,San Vicente,-26.6167,-54.1333,40.84,95,1,1.59,AR,1659153743
502,Chapais,49.7834,-74.8492,53.96,99,100,6.44,CA,1659153744
503,Alenquer,-1.9417,-54.7383,75.65,79,18,3.29,BR,1659153745
504,Kamariótissa,40.4833,25.4667,76.59,68,0,15.59,GR,1659153747
505,Lundazi,-12.2929,33.1782,52.77,76,9,6.29,ZM,1659153748
506,Porto Walter,-8.2686,-72.7439,73.85,75,56,1.43,BR,1659153750
507,Vanavara,60.34,102.2797,69.06,83,97,2.19,RU,1659153677
508,Pāsighāt,28.0667,95.3333,84.88,82,81,1.81,IN,1659153753
509,Sorong,-0.8833,131.25,82.69,74,59,4.83,ID,1659153754
510,Wuxi,31.5689,120.2886,89.94,60,17,7.05,CN,1659153756
511,Lakatoro,-16.0999,167.4164,78.49,78,100,12.17,VU,1659153757
512,Kalilangan,7.8211,124.7314,77.31,81,94,3.67,PH,1659153758
513,Paran'ga,56.7039,49.4047,66.0,71,100,5.19,RU,1659153760
514,Rovaniemi,66.5,25.7167,51.21,76,75,10.36,FI,1659153705
515,Northam,51.0333,-4.2167,62.26,95,93,7.29,GB,1659153763
516,Guerrero,17.6667,-100.0,67.23,94,100,4.36,MX,1659153764
517,Rimóc,48.0369,19.5301,65.05,87,83,3.11,HU,1659153765
518,Tual,-5.6667,132.75,78.71,86,40,17.25,ID,1659153767
519,Olafsvik,64.8945,-23.7142,48.13,71,28,10.63,IS,1659153768
520,Norton,-17.8833,30.7,44.13,56,3,5.28,ZW,1659153660
521,Atbasar,51.8,68.3333,62.15,91,100,15.12,KZ,1659153771
522,Port-Gentil,-0.7193,8.7815,73.8,85,100,9.44,GA,1659153773
523,Hatillo,18.4863,-66.8254,81.09,89,2,1.01,PR,1659153774
524,Skibbereen,51.55,-9.2667,62.11,96,100,12.46,IE,1659153777
525,Colonia Carlos Antonio López,-26.4,-54.7667,43.63,85,4,1.07,PY,1659153778
526,Funadhoo,6.15,73.2667,81.46,79,84,17.9,MV,1659153779
527,Sawtell,-30.3833,153.1,64.42,45,82,12.66,AU,1659153782
528,Setermoen,68.861,18.3486,57.43,73,24,4.29,NO,1659153784
529,Kharp,66.8014,65.8081,63.55,78,100,4.74,RU,1659153785
530,Lompoc,34.6391,-120.4579,68.14,84,100,9.22,US,1659153573
531,Izhma,65.0083,53.9113,74.75,55,33,3.38,RU,1659153788
532,Huittinen,61.1833,22.7,50.83,91,19,5.17,FI,1659153789
533,Gogrial,8.5332,28.1004,69.31,93,100,5.14,SS,1659153791
534,Lebanon,36.2081,-86.2911,77.22,84,20,0.0,US,1659153526
535,Ginir,7.1333,40.7,58.75,74,75,8.03,ET,1659153794
536,Almaznyy,48.0448,40.045,70.86,67,17,12.86,RU,1659153795
537,Tūkrah,32.5341,20.5791,77.63,85,0,5.91,LY,1659153796
538,Kulhudhuffushi,6.6221,73.07,80.94,80,55,16.67,MV,1659153798
539,Cilibia,45.0667,27.0667,68.09,78,48,6.87,RO,1659153800
540,Eureka,40.8021,-124.1637,59.25,88,89,1.01,US,1659153801
541,Ust-Kuyga,70.0167,135.6,68.54,44,99,10.13,RU,1659153803
542,Japura,-0.3167,102.35,83.26,69,71,4.38,ID,1659153804
543,Najībābād,29.6333,78.3333,81.45,84,98,7.4,IN,1659153806
544,Chilapa,22.032,-105.2317,77.94,83,79,1.12,MX,1659153807
545,Cartagena,10.3997,-75.5144,80.13,88,37,14.43,CO,1659153723
546,Alofi,-19.0595,-169.9187,77.25,82,10,21.59,NU,1659153811
547,Tsabong,-26.0217,22.401,52.81,36,66,9.64,BW,1659153812
548,Businga,3.3333,20.8833,68.45,98,87,2.17,CD,1659153815
549,Pouembout,-21.1333,164.9,70.29,88,100,12.17,NC,1659153816
550,Sabzawār,36.2126,57.6819,82.56,44,16,9.91,IR,1659153818
551,Vaitape,-16.5167,-151.75,79.27,71,3,22.01,PF,1659153819
552,Kloulklubed,7.0419,134.2556,81.1,73,99,14.09,PW,1659153821
553,Dubinino,55.6192,89.0911,73.49,60,27,4.9,RU,1659153822
554,Buta,2.7858,24.73,67.64,94,95,0.76,CD,1659153823
555,Sanmenxia,34.7747,111.1814,86.23,53,5,13.53,CN,1659153825
556,Ardabil,38.2498,48.2933,54.95,100,100,0.0,IR,1659153637
557,Uglovoye,44.8215,33.6045,75.02,64,0,11.81,UA,1659153828
558,Tecpan,14.7623,-90.9947,51.03,97,36,4.38,GT,1659153829
559,Séguéla,7.9611,-6.6731,69.91,83,99,4.05,CI,1659153830
560,Leningradskiy,69.3833,178.4167,45.43,74,100,7.49,RU,1659153832
